Flughafen;Handlingart: export/import/transfer+premium/mail/standard;Kosten je kg
ACC;exportpremium;0.145826893
ACC;exportmail;0
ACC;exportstandard;0.063876389
ACC;importpremium;0.230880423
ACC;importmail;0.182487573
ACC;importstandard;0.23681059
ACC;transferpremium;0.084862458
ACC;transfermail;0
ACC;transferstandard;0.020777935
ADD;exportpremium;0.070826237
ADD;exportmail;0
ADD;exportstandard;0.010380517
ADD;importpremium;0.010987199
ADD;importmail;0
ADD;importstandard;0.142586027
ADD;transferpremium;0
ADD;transfermail;0
ADD;transferstandard;0.225168776
AGP;exportpremium;0.097444682
AGP;exportmail;0
AGP;exportstandard;0.051641446
AGP;importpremium;0
AGP;importmail;0
AGP;importstandard;0.042153768
AGP;transferpremium;0.000441696
AGP;transfermail;0
AGP;transferstandard;0.011914814
ALA;exportpremium;0.063024304
ALA;exportmail;0.10403885
ALA;exportstandard;0.068543083
ALA;importpremium;0.068219157
ALA;importmail;0
ALA;importstandard;0.111573097
ALA;transferpremium;0.021110294
ALA;transfermail;0
ALA;transferstandard;0
ALC;exportpremium;0.09115304
ALC;exportmail;0
ALC;exportstandard;0.0996636
ALC;importpremium;0.056877622
ALC;importmail;0
ALC;importstandard;0.023633326
ALC;transferpremium;0.04746208
ALC;transfermail;0
ALC;transferstandard;0
AMM;exportpremium;0.23518529
AMM;exportmail;0.035171916
AMM;exportstandard;0
AMM;importpremium;0.030321856
AMM;importmail;0
AMM;importstandard;0.03306649
AMM;transferpremium;0.0228
AMM;transfermail;0.018536299
AMM;transferstandard;0.021388175
ANK;exportpremium;0.018983529
ANK;exportmail;0
ANK;exportstandard;0.058417502
ANK;importpremium;0.075720543
ANK;importmail;0
ANK;importstandard;0.168306644
ANK;transferpremium;0.135454545
ANK;transfermail;0
ANK;transferstandard;0.033109244
ASB;exportpremium;0.119254673
ASB;exportmail;0
ASB;exportstandard;0.12480845
ASB;importpremium;0.074509184
ASB;importmail;0
ASB;importstandard;0
ASB;transferpremium;0.018375
ASB;transfermail;0
ASB;transferstandard;0.006575908
ATL;exportpremium;0.05162516
ATL;exportmail;0
ATL;exportstandard;0.351906578
ATL;importpremium;0.042664614
ATL;importmail;0
ATL;importstandard;0.039153167
ATL;transferpremium;0
ATL;transfermail;0
ATL;transferstandard;0.020714502
AUH;exportpremium;0.295232651
AUH;exportmail;0.23804878
AUH;exportstandard;0.036258078
AUH;importpremium;0.023414897
AUH;importmail;0.030817251
AUH;importstandard;0.023665927
AUH;transferpremium;0.017422912
AUH;transfermail;0
AUH;transferstandard;0.018171404
BAH;exportpremium;0.051991791
BAH;exportmail;0
BAH;exportstandard;0.262502633
BAH;importpremium;0.024780494
BAH;importmail;0
BAH;importstandard;0.030262772
BAH;transferpremium;0.014
BAH;transfermail;0
BAH;transferstandard;0.048571429
BCN;exportpremium;0.085210004
BCN;exportmail;0
BCN;exportstandard;0.120963598
BCN;importpremium;0
BCN;importmail;0
BCN;importstandard;0.000198133
BCN;transferpremium;0.015466844
BCN;transfermail;0.071328125
BCN;transferstandard;0.000438665
BER;exportpremium;0.04429575
BER;exportmail;0
BER;exportstandard;0.139927196
BER;importpremium;0.083644519
BER;importmail;0
BER;importstandard;0.053514784
BER;transferpremium;0
BER;transfermail;0
BER;transferstandard;0.013034485
BEY;exportpremium;0.084687257
BEY;exportmail;0.05857283
BEY;exportstandard;0.028260705
BEY;importpremium;0.238121667
BEY;importmail;0.024529777
BEY;importstandard;0.017798397
BEY;transferpremium;0.018336974
BEY;transfermail;0
BEY;transferstandard;0.017482857
BFS;exportpremium;0.027158842
BFS;exportmail;0.156630697
BFS;exportstandard;0.000697185
BFS;importpremium;0.07225097
BFS;importmail;0
BFS;importstandard;0.013189123
BFS;transferpremium;0.01272936
BFS;transfermail;0
BFS;transferstandard;0
BGO;exportpremium;0.185595967
BGO;exportmail;0
BGO;exportstandard;0.046481979
BGO;importpremium;0.036410439
BGO;importmail;0
BGO;importstandard;0.057267361
BGO;transferpremium;0
BGO;transfermail;0
BGO;transferstandard;0
BGY;exportpremium;0
BGY;exportmail;0
BGY;exportstandard;0.128545749
BGY;importpremium;0.029001447
BGY;importmail;0
BGY;importstandard;0.195960054
BGY;transferpremium;0
BGY;transfermail;0
BGY;transferstandard;0.022728758
BIO;exportpremium;0.101492123
BIO;exportmail;0
BIO;exportstandard;0.309814028
BIO;importpremium;0.09599873
BIO;importmail;0
BIO;importstandard;0.116150103
BIO;transferpremium;0.027205892
BIO;transfermail;0
BIO;transferstandard;0.032959585
BKK;exportpremium;0.022006995
BKK;exportmail;0
BKK;exportstandard;0.064988307
BKK;importpremium;0
BKK;importmail;0
BKK;importstandard;0.052392703
BKK;transferpremium;0.071919192
BKK;transfermail;0
BKK;transferstandard;0.04598766
BLL;exportpremium;0.0767073
BLL;exportmail;0
BLL;exportstandard;0.203922671
BLL;importpremium;0.198680843
BLL;importmail;0
BLL;importstandard;0.000216362
BLL;transferpremium;0
BLL;transfermail;0
BLL;transferstandard;0
BLQ;exportpremium;0.079351386
BLQ;exportmail;0
BLQ;exportstandard;0.024883874
BLQ;importpremium;0.218935093
BLQ;importmail;0
BLQ;importstandard;0.024873164
BLQ;transferpremium;0
BLQ;transfermail;0
BLQ;transferstandard;0.016611808
BLR;exportpremium;0.059382021
BLR;exportmail;0
BLR;exportstandard;0.041918523
BLR;importpremium;0.035734744
BLR;importmail;0.040762941
BLR;importstandard;0.00993454
BLR;transferpremium;0.062
BLR;transfermail;0.038774026
BLR;transferstandard;0.034476757
BOD;exportpremium;0.075487596
BOD;exportmail;0
BOD;exportstandard;0.118386224
BOD;importpremium;0.077836092
BOD;importmail;0
BOD;importstandard;0.061547152
BOD;transferpremium;0.075042723
BOD;transfermail;0
BOD;transferstandard;0.0257915
BOG;exportpremium;0.088819699
BOG;exportmail;0.336879377
BOG;exportstandard;0.040522768
BOG;importpremium;0
BOG;importmail;0.054936894
BOG;importstandard;0.05698831
BOG;transferpremium;0.03472681
BOG;transfermail;0.005
BOG;transferstandard;0.038277437
BOM;exportpremium;0.047293106
BOM;exportmail;0
BOM;exportstandard;0.032663648
BOM;importpremium;0.040900909
BOM;importmail;0.035675336
BOM;importstandard;0.04142919
BOM;transferpremium;0.009473684
BOM;transfermail;0
BOM;transferstandard;0.031453755
BOS;exportpremium;0.098948253
BOS;exportmail;0.087052595
BOS;exportstandard;0.06199855
BOS;importpremium;0.002946875
BOS;importmail;0
BOS;importstandard;0.048269455
BOS;transferpremium;0.035178742
BOS;transfermail;0.024221478
BOS;transferstandard;0.022706711
BQN;exportpremium;0.003238921
BQN;exportmail;0.080118864
BQN;exportstandard;0.107983569
BQN;importpremium;0.039544923
BQN;importmail;0
BQN;importstandard;0.053798871
BQN;transferpremium;0.028364941
BQN;transfermail;0
BQN;transferstandard;0.019997984
BRE;exportpremium;0.0856777
BRE;exportmail;0
BRE;exportstandard;0.103920106
BRE;importpremium;0.062243535
BRE;importmail;0
BRE;importstandard;0.03287906
BRE;transferpremium;0.035515896
BRE;transfermail;0.035170675
BRE;transferstandard;0.020754018
BRU;exportpremium;0.107400915
BRU;exportmail;0
BRU;exportstandard;0.068080577
BRU;importpremium;0.023512195
BRU;importmail;0
BRU;importstandard;0.014833206
BRU;transferpremium;0.023526035
BRU;transfermail;0
BRU;transferstandard;0.0825
BSL;exportpremium;0.164269697
BSL;exportmail;0
BSL;exportstandard;0.042704634
BSL;importpremium;0.11386475
BSL;importmail;0
BSL;importstandard;0.062850951
BSL;transferpremium;0
BSL;transfermail;0
BSL;transferstandard;0.022857143
BTS;exportpremium;0
BTS;exportmail;0
BTS;exportstandard;0.057435325
BTS;importpremium;0.018731457
BTS;importmail;0
BTS;importstandard;0.061693475
BTS;transferpremium;0.040067204
BTS;transfermail;0
BTS;transferstandard;0.085309953
BUD;exportpremium;0.039611373
BUD;exportmail;0
BUD;exportstandard;0.16780491
BUD;importpremium;0.0454766
BUD;importmail;0
BUD;importstandard;0.096082435
BUD;transferpremium;0
BUD;transfermail;0
BUD;transferstandard;0.012932094
BUH;exportpremium;0.024561415
BUH;exportmail;0
BUH;exportstandard;0.042138064
BUH;importpremium;0.166089334
BUH;importmail;0
BUH;importstandard;0.07839907
BUH;transferpremium;0.072530193
BUH;transfermail;0
BUH;transferstandard;0
CAI;exportpremium;0.065221743
CAI;exportmail;0
CAI;exportstandard;0.184826972
CAI;importpremium;0.241908991
CAI;importmail;0
CAI;importstandard;0.053324973
CAI;transferpremium;0.02
CAI;transfermail;0
CAI;transferstandard;0.039139579
CAN;exportpremium;0.076184505
CAN;exportmail;0.006878645
CAN;exportstandard;0.088904199
CAN;importpremium;0.022470227
CAN;importmail;0
CAN;importstandard;0.013228456
CAN;transferpremium;0.017686466
CAN;transfermail;0
CAN;transferstandard;0.085486672
CCS;exportpremium;0.172363233
CCS;exportmail;0
CCS;exportstandard;0.081087837
CCS;importpremium;0.08184669
CCS;importmail;0.0401664
CCS;importstandard;0
CCS;transferpremium;0.029097979
CCS;transfermail;0
CCS;transferstandard;0.03426744
CCU;exportpremium;0.024937629
CCU;exportmail;0.043981034
CCU;exportstandard;0.057771432
CCU;importpremium;0.033249464
CCU;importmail;0
CCU;importstandard;0.035376705
CCU;transferpremium;0.022431762
CCU;transfermail;0
CCU;transferstandard;0.045641635
CGN;exportpremium;0.024930736
CGN;exportmail;0.061054173
CGN;exportstandard;0.037554082
CGN;importpremium;0.05289845
CGN;importmail;0.044454243
CGN;importstandard;0.03995804
CGN;transferpremium;0.049812893
CGN;transfermail;0
CGN;transferstandard;0.032803822
CHI;exportpremium;0.035507517
CHI;exportmail;0
CHI;exportstandard;0.063714958
CHI;importpremium;0.047708928
CHI;importmail;0
CHI;importstandard;0.039883669
CHI;transferpremium;0.022176257
CHI;transfermail;0
CHI;transferstandard;0.220463415
CKG;exportpremium;0
CKG;exportmail;0
CKG;exportstandard;0.051172913
CKG;importpremium;0.074027975
CKG;importmail;0.003333333
CKG;importstandard;0.089302768
CKG;transferpremium;0.01484375
CKG;transfermail;0
CKG;transferstandard;0.008181818
CLT;exportpremium;0.045471772
CLT;exportmail;0
CLT;exportstandard;0.031490298
CLT;importpremium;0.317258989
CLT;importmail;0
CLT;importstandard;0.025342871
CLT;transferpremium;0.021746988
CLT;transfermail;0
CLT;transferstandard;0.081568627
CMB;exportpremium;0
CMB;exportmail;0.092799015
CMB;exportstandard;0.058840074
CMB;importpremium;0.249873264
CMB;importmail;0.252413635
CMB;importstandard;0.024745485
CMB;transferpremium;0.030625
CMB;transfermail;0.019166667
CMB;transferstandard;0.021659757
CPH;exportpremium;0.05717641
CPH;exportmail;0
CPH;exportstandard;0
CPH;importpremium;0.197744388
CPH;importmail;0
CPH;importstandard;0.047699123
CPH;transferpremium;0.174020619
CPH;transfermail;0
CPH;transferstandard;0.056875437
CPT;exportpremium;0.00922412
CPT;exportmail;0
CPT;exportstandard;0.139523709
CPT;importpremium;0.089730528
CPT;importmail;0
CPT;importstandard;0.196991331
CPT;transferpremium;0.09
CPT;transfermail;0
CPT;transferstandard;0.082983368
CWB;exportpremium;0.011659411
CWB;exportmail;0
CWB;exportstandard;0.06491251
CWB;importpremium;0.070409888
CWB;importmail;0.049830196
CWB;importstandard;0.278615696
CWB;transferpremium;0.001914773
CWB;transfermail;0
CWB;transferstandard;0.001428571
DAC;exportpremium;0.037449987
DAC;exportmail;0
DAC;exportstandard;0.071771588
DAC;importpremium;0.061041849
DAC;importmail;0
DAC;importstandard;0.243905692
DAC;transferpremium;0.017324705
DAC;transfermail;0
DAC;transferstandard;0.020077793
DEL;exportpremium;0.039508998
DEL;exportmail;0
DEL;exportstandard;0.044790967
DEL;importpremium;0.024393598
DEL;importmail;0
DEL;importstandard;0.039999821
DEL;transferpremium;0.017687038
DEL;transfermail;0.018333333
DEL;transferstandard;0.005780591
DEN;exportpremium;0.063188469
DEN;exportmail;0
DEN;exportstandard;0.062832532
DEN;importpremium;0.037347366
DEN;importmail;0
DEN;importstandard;0.031666607
DEN;transferpremium;0.146641975
DEN;transfermail;0
DEN;transferstandard;0.010792553
DFW;exportpremium;0.061226778
DFW;exportmail;0
DFW;exportstandard;0.012294963
DFW;importpremium;0.031577788
DFW;importmail;0
DFW;importstandard;0.051885772
DFW;transferpremium;0.012857143
DFW;transfermail;0
DFW;transferstandard;0
DKR;exportpremium;0.027401544
DKR;exportmail;0
DKR;exportstandard;0.052099694
DKR;importpremium;0.118963958
DKR;importmail;0
DKR;importstandard;0.065015525
DKR;transferpremium;0.164242424
DKR;transfermail;0
DKR;transferstandard;0.131240741
DME;exportpremium;0.137720667
DME;exportmail;0
DME;exportstandard;0.111095996
DME;importpremium;0
DME;importmail;0
DME;importstandard;0.014866647
DME;transferpremium;0
DME;transfermail;0
DME;transferstandard;0
DMM;exportpremium;0.58
DMM;exportmail;0
DMM;exportstandard;0.126121216
DMM;importpremium;0.090035805
DMM;importmail;0.05820708
DMM;importstandard;0.024872092
DMM;transferpremium;0
DMM;transfermail;0.015633803
DMM;transferstandard;0.019802446
DOH;exportpremium;0.040293372
DOH;exportmail;0.221394157
DOH;exportstandard;0.061866229
DOH;importpremium;0.344090909
DOH;importmail;0.075752977
DOH;importstandard;0.056137454
DOH;transferpremium;0.123769634
DOH;transfermail;0.127294118
DOH;transferstandard;0.018211077
DRS;exportpremium;0.143796921
DRS;exportmail;0.0828
DRS;exportstandard;0.079084094
DRS;importpremium;0.052081609
DRS;importmail;0
DRS;importstandard;0.061188086
DRS;transferpremium;0.019562128
DRS;transfermail;0.053963517
DRS;transferstandard;0.030338454
DTT;exportpremium;0.056885935
DTT;exportmail;0
DTT;exportstandard;0.047010566
DTT;importpremium;0.062955793
DTT;importmail;0
DTT;importstandard;0.010582925
DTT;transferpremium;0.014484127
DTT;transfermail;0
DTT;transferstandard;0.037673943
DUB;exportpremium;0.167952074
DUB;exportmail;0
DUB;exportstandard;0.077306961
DUB;importpremium;0.025698903
DUB;importmail;0
DUB;importstandard;0.010665297
DUB;transferpremium;0.010676692
DUB;transfermail;0
DUB;transferstandard;0.076921141
DUS;exportpremium;0.061505233
DUS;exportmail;0
DUS;exportstandard;0.036094958
DUS;importpremium;0.039739856
DUS;importmail;0.054504484
DUS;importstandard;0.043847211
DUS;transferpremium;0
DUS;transfermail;0.047258266
DUS;transferstandard;0.027626331
DXB;exportpremium;0.062126856
DXB;exportmail;0.044916136
DXB;exportstandard;0.106876939
DXB;importpremium;0.081605839
DXB;importmail;0
DXB;importstandard;0.076714286
DXB;transferpremium;0.022170854
DXB;transfermail;0
DXB;transferstandard;0.210560538
EIN;exportpremium;0.020287701
EIN;exportmail;0
EIN;exportstandard;0.014952067
EIN;importpremium;0.045735014
EIN;importmail;0
EIN;importstandard;0.141755049
EIN;transferpremium;0.043662307
EIN;transfermail;0
EIN;transferstandard;0.020803361
EMA;exportpremium;0.060078827
EMA;exportmail;0.195333242
EMA;exportstandard;0.026377038
EMA;importpremium;0.041520522
EMA;importmail;0
EMA;importstandard;0.090404135
EMA;transferpremium;0.013749385
EMA;transfermail;0
EMA;transferstandard;0.006938431
EWR;exportpremium;0.076358672
EWR;exportmail;0
EWR;exportstandard;0.061278558
EWR;importpremium;0.062447911
EWR;importmail;0.002775556
EWR;importstandard;0.038365335
EWR;transferpremium;0.023814427
EWR;transfermail;0.036804124
EWR;transferstandard;-0.125544961
EZE;exportpremium;0.054324975
EZE;exportmail;0
EZE;exportstandard;0.066479254
EZE;importpremium;0.039970812
EZE;importmail;0
EZE;importstandard;0.097571829
EZE;transferpremium;0.029960931
EZE;transfermail;0
EZE;transferstandard;0.001330567
FLR;exportpremium;0.155424136
FLR;exportmail;0
FLR;exportstandard;0.038172907
FLR;importpremium;0.027232663
FLR;importmail;0.074299688
FLR;importstandard;0.102270269
FLR;transferpremium;0
FLR;transfermail;0
FLR;transferstandard;0.04432792
FMO;exportpremium;0.102084373
FMO;exportmail;0
FMO;exportstandard;0.025056422
FMO;importpremium;0.032783943
FMO;importmail;0.09527775
FMO;importstandard;0.052851775
FMO;transferpremium;0.022380675
FMO;transfermail;0
FMO;transferstandard;0.055402447
FRA;exportpremium;0.048744498
FRA;exportmail;0.079662006
FRA;exportstandard;0.041527195
FRA;importpremium;0.039941564
FRA;importmail;0.04471843
FRA;importstandard;0.043092819
FRA;transferpremium;0.033483708
FRA;transfermail;0
FRA;transferstandard;0.017560838
GDL;exportpremium;0.049616848
GDL;exportmail;0.047996956
GDL;exportstandard;0.069822675
GDL;importpremium;0
GDL;importmail;0.048423683
GDL;importstandard;0.035182723
GDL;transferpremium;0.029296859
GDL;transfermail;0
GDL;transferstandard;0.023617777
GDN;exportpremium;0.052036873
GDN;exportmail;0
GDN;exportstandard;0.038481724
GDN;importpremium;0.04617981
GDN;importmail;0
GDN;importstandard;0.042961768
GDN;transferpremium;0.026206897
GDN;transfermail;0.044962837
GDN;transferstandard;0
GOA;exportpremium;0.266847648
GOA;exportmail;0.083388889
GOA;exportstandard;0.074503895
GOA;importpremium;0.392689176
GOA;importmail;0
GOA;importstandard;0.024411077
GOA;transferpremium;0.033364421
GOA;transfermail;0
GOA;transferstandard;0
GOT;exportpremium;0.083364723
GOT;exportmail;0
GOT;exportstandard;0.160619466
GOT;importpremium;0.06249827
GOT;importmail;0
GOT;importstandard;0.038427183
GOT;transferpremium;0.050504639
GOT;transfermail;0
GOT;transferstandard;0.040745342
GRU;exportpremium;0.036662473
GRU;exportmail;0.061891892
GRU;exportstandard;0.011330784
GRU;importpremium;0.103195835
GRU;importmail;0.07454601
GRU;importstandard;0.072204969
GRU;transferpremium;0
GRU;transfermail;0.164655172
GRU;transferstandard;0.001792875
GRZ;exportpremium;0.042499084
GRZ;exportmail;0
GRZ;exportstandard;0.043247258
GRZ;importpremium;0.078828809
GRZ;importmail;0.08998814
GRZ;importstandard;0.001215411
GRZ;transferpremium;0
GRZ;transfermail;0
GRZ;transferstandard;0.028048975
GVA;exportpremium;0.237519061
GVA;exportmail;0
GVA;exportstandard;0.054116884
GVA;importpremium;0.045149392
GVA;importmail;0
GVA;importstandard;0.07252305
GVA;transferpremium;0
GVA;transfermail;0
GVA;transferstandard;0.061704133
GYD;exportpremium;0.161687698
GYD;exportmail;0
GYD;exportstandard;0.064015988
GYD;importpremium;0.105591328
GYD;importmail;0
GYD;importstandard;0.068413759
GYD;transferpremium;0.007124042
GYD;transfermail;0
GYD;transferstandard;0.021340974
HAJ;exportpremium;0.050565514
HAJ;exportmail;0
HAJ;exportstandard;0.061027838
HAJ;importpremium;0.025161377
HAJ;importmail;0.05505618
HAJ;importstandard;0.032235234
HAJ;transferpremium;0.035567141
HAJ;transfermail;0.022968394
HAJ;transferstandard;0
HAM;exportpremium;0.082811836
HAM;exportmail;0
HAM;exportstandard;0.052732933
HAM;importpremium;0.10784811
HAM;importmail;0
HAM;importstandard;0.025246251
HAM;transferpremium;0.030359825
HAM;transfermail;0.093832083
HAM;transferstandard;0.033761909
HEL;exportpremium;0.059846175
HEL;exportmail;0
HEL;exportstandard;0.076601105
HEL;importpremium;0
HEL;importmail;0
HEL;importstandard;0.19328683
HEL;transferpremium;0
HEL;transfermail;0.063185185
HEL;transferstandard;0.069295775
HKG;exportpremium;0.106033916
HKG;exportmail;0
HKG;exportstandard;0.0282891
HKG;importpremium;0.013802108
HKG;importmail;0
HKG;importstandard;0.141632951
HKG;transferpremium;0.004015905
HKG;transfermail;0
HKG;transferstandard;0.001320298
HOU;exportpremium;0.047051593
HOU;exportmail;0
HOU;exportstandard;0.040906015
HOU;importpremium;0.022683346
HOU;importmail;0
HOU;importstandard;0.361430029
HOU;transferpremium;0.031666667
HOU;transfermail;0
HOU;transferstandard;0.023913876
HYD;exportpremium;0.059117839
HYD;exportmail;0
HYD;exportstandard;0.187233197
HYD;importpremium;0.160354076
HYD;importmail;0.040866887
HYD;importstandard;0.002828436
HYD;transferpremium;0.073250975
HYD;transfermail;0.041047619
HYD;transferstandard;0.020116183
IEV;exportpremium;0.111639868
IEV;exportmail;0
IEV;exportstandard;0.108796079
IEV;importpremium;0.016349541
IEV;importmail;0
IEV;importstandard;0.1667024
IEV;transferpremium;0.03
IEV;transfermail;0
IEV;transferstandard;0.004032258
INN;exportpremium;0.171681259
INN;exportmail;0
INN;exportstandard;0.080731895
INN;importpremium;0.180641212
INN;importmail;0
INN;importstandard;0
INN;transferpremium;0.013605701
INN;transfermail;0
INN;transferstandard;0
IST;exportpremium;0.067930673
IST;exportmail;0
IST;exportstandard;0.049680179
IST;importpremium;0.059661475
IST;importmail;0
IST;importstandard;0.081603608
IST;transferpremium;0.103332195
IST;transfermail;0
IST;transferstandard;0
IZM;exportpremium;0.058462064
IZM;exportmail;0.059556858
IZM;exportstandard;0.079854665
IZM;importpremium;0.085587904
IZM;importmail;0
IZM;importstandard;0.155142349
IZM;transferpremium;0
IZM;transfermail;0
IZM;transferstandard;0.0136731
JED;exportpremium;0.151173991
JED;exportmail;0.062360277
JED;exportstandard;0.051996013
JED;importpremium;0.174754733
JED;importmail;0
JED;importstandard;0.129680783
JED;transferpremium;0
JED;transfermail;0.031156863
JED;transferstandard;0.011688429
JFK;exportpremium;0.040439684
JFK;exportmail;0.035973084
JFK;exportstandard;0.097946606
JFK;importpremium;0.061200356
JFK;importmail;0
JFK;importstandard;0.002712121
JFK;transferpremium;0
JFK;transfermail;0.023333333
JFK;transferstandard;0.035275258
JKT;exportpremium;0
JKT;exportmail;0
JKT;exportstandard;0.021936848
JKT;importpremium;0.040876691
JKT;importmail;0.046097556
JKT;importstandard;0
JKT;transferpremium;0.03059322
JKT;transfermail;0.031222571
JKT;transferstandard;0.036622693
JNB;exportpremium;0.025293121
JNB;exportmail;0
JNB;exportstandard;0.016934111
JNB;importpremium;0.028500372
JNB;importmail;0
JNB;importstandard;0.082198558
JNB;transferpremium;0.006875
JNB;transfermail;0
JNB;transferstandard;0.093183599
KJA;exportpremium;0
KJA;exportmail;0
KJA;exportstandard;0.197293997
KJA;importpremium;0
KJA;importmail;0
KJA;importstandard;0.143426527
KJA;transferpremium;0.05
KJA;transfermail;0
KJA;transferstandard;0
KRT;exportpremium;0.237630129
KRT;exportmail;0.180611638
KRT;exportstandard;0.23434758
KRT;importpremium;0.162574836
KRT;importmail;0
KRT;importstandard;0.043453405
KRT;transferpremium;0.085188537
KRT;transfermail;0
KRT;transferstandard;0.013772727
KTW;exportpremium;0.341963498
KTW;exportmail;0
KTW;exportstandard;0.024639271
KTW;importpremium;0.038892085
KTW;importmail;0
KTW;importstandard;0.16580997
KTW;transferpremium;0.020028409
KTW;transfermail;0
KTW;transferstandard;0.048770637
KUL;exportpremium;0.040234163
KUL;exportmail;0.051470588
KUL;exportstandard;0.03364123
KUL;importpremium;0
KUL;importmail;0.022237459
KUL;importstandard;0.04057615
KUL;transferpremium;0.0320556
KUL;transfermail;0
KUL;transferstandard;0.031083142
KWI;exportpremium;0.003258518
KWI;exportmail;0.150228648
KWI;exportstandard;0.062821752
KWI;importpremium;0.0403831
KWI;importmail;0.224029596
KWI;importstandard;0.089110741
KWI;transferpremium;0
KWI;transfermail;0
KWI;transferstandard;0.026444463
LAX;exportpremium;0.047968307
LAX;exportmail;0.07317082
LAX;exportstandard;-0.117949381
LAX;importpremium;0.046518557
LAX;importmail;0
LAX;importstandard;0.057684532
LAX;transferpremium;0.030756295
LAX;transfermail;0
LAX;transferstandard;0.031553556
LED;exportpremium;0.172566973
LED;exportmail;0
LED;exportstandard;0.048546742
LED;importpremium;0.049600205
LED;importmail;0
LED;importstandard;0.156271702
LED;transferpremium;0.074545455
LED;transfermail;0
LED;transferstandard;0.024285714
LEJ;exportpremium;0.030491385
LEJ;exportmail;0
LEJ;exportstandard;0.082228309
LEJ;importpremium;0.084443612
LEJ;importmail;0
LEJ;importstandard;0.101463721
LEJ;transferpremium;0.030547289
LEJ;transfermail;0
LEJ;transferstandard;0.03034409
LHE;exportpremium;0
LHE;exportmail;0
LHE;exportstandard;0.061784267
LHE;importpremium;0.127986791
LHE;importmail;0.222994508
LHE;importstandard;0.032159866
LHE;transferpremium;0.001023622
LHE;transfermail;0
LHE;transferstandard;0.026925736
LIL;exportpremium;0.0495277
LIL;exportmail;0.063374245
LIL;exportstandard;0.084808668
LIL;importpremium;0.071527002
LIL;importmail;0
LIL;importstandard;0.02249324
LIL;transferpremium;0
LIL;transfermail;0
LIL;transferstandard;0.02243479
LIM;exportpremium;0.056701389
LIM;exportmail;0.303117844
LIM;exportstandard;0.004114356
LIM;importpremium;0.080175053
LIM;importmail;0.122495221
LIM;importstandard;0.036786702
LIM;transferpremium;0
LIM;transfermail;0.028439819
LIM;transferstandard;0.029155799
LIS;exportpremium;0.022053876
LIS;exportmail;0.074042144
LIS;exportstandard;0.101392337
LIS;importpremium;0.111591827
LIS;importmail;0
LIS;importstandard;0.088937004
LIS;transferpremium;0
LIS;transfermail;0
LIS;transferstandard;0.027530959
LNZ;exportpremium;0.044268243
LNZ;exportmail;0
LNZ;exportstandard;0.095790382
LNZ;importpremium;0.001279953
LNZ;importmail;0
LNZ;importstandard;0.025498673
LNZ;transferpremium;0.030207074
LNZ;transfermail;0
LNZ;transferstandard;0.022083333
LON;exportpremium;0.198765221
LON;exportmail;0
LON;exportstandard;0.175223222
LON;importpremium;0.000838042
LON;importmail;0
LON;importstandard;0.025627463
LON;transferpremium;0
LON;transfermail;0
LON;transferstandard;0.005673077
LOS;exportpremium;0.089562643
LOS;exportmail;0
LOS;exportstandard;0.228449707
LOS;importpremium;0.183292207
LOS;importmail;0.243159628
LOS;importstandard;0.156705254
LOS;transferpremium;0.030642633
LOS;transfermail;0
LOS;transferstandard;0
LPB;exportpremium;0
LPB;exportmail;0.05481139
LPB;exportstandard;0.057586297
LPB;importpremium;0.066404163
LPB;importmail;0
LPB;importstandard;0.076748654
LPB;transferpremium;0.045102389
LPB;transfermail;0
LPB;transferstandard;0.031389748
LUX;exportpremium;0.062310728
LUX;exportmail;0
LUX;exportstandard;0.024696866
LUX;importpremium;0.123953029
LUX;importmail;0
LUX;importstandard;0.044447295
LUX;transferpremium;0.015654699
LUX;transfermail;0
LUX;transferstandard;0.042273882
LYS;exportpremium;0.043181536
LYS;exportmail;0
LYS;exportstandard;0.068547414
LYS;importpremium;0.072373803
LYS;importmail;0
LYS;importstandard;0.073258277
LYS;transferpremium;0
LYS;transfermail;0
LYS;transferstandard;0.048337262
MAA;exportpremium;0.055887784
MAA;exportmail;0
MAA;exportstandard;0.062584579
MAA;importpremium;0.031897717
MAA;importmail;0
MAA;importstandard;0.154492469
MAA;transferpremium;0.011
MAA;transfermail;0
MAA;transferstandard;0.055292792
MAD;exportpremium;0.0690853
MAD;exportmail;0
MAD;exportstandard;0.104767756
MAD;importpremium;0.310883721
MAD;importmail;0
MAD;importstandard;0.088482366
MAD;transferpremium;0
MAD;transfermail;0
MAD;transferstandard;0.014634146
MAN;exportpremium;0.106207195
MAN;exportmail;0
MAN;exportstandard;0.200002115
MAN;importpremium;0.028786798
MAN;importmail;0.042656446
MAN;importstandard;0.000696712
MAN;transferpremium;0
MAN;transfermail;0
MAN;transferstandard;0
MAO;exportpremium;0.043158282
MAO;exportmail;0.036644207
MAO;exportstandard;0.040730063
MAO;importpremium;0.010208991
MAO;importmail;0.111878059
MAO;importstandard;0.06365597
MAO;transferpremium;0.032702279
MAO;transfermail;0
MAO;transferstandard;0.15011871
MCT;exportpremium;0.023594268
MCT;exportmail;0
MCT;exportstandard;0.12765416
MCT;importpremium;0.064449626
MCT;importmail;0.047254289
MCT;importstandard;0.208819253
MCT;transferpremium;0
MCT;transfermail;0
MCT;transferstandard;0
MEX;exportpremium;0.002491223
MEX;exportmail;0
MEX;exportstandard;0.048183147
MEX;importpremium;0.065928113
MEX;importmail;0
MEX;importstandard;0.04901351
MEX;transferpremium;0.017678888
MEX;transfermail;0
MEX;transferstandard;0.031070292
MIA;exportpremium;0.064725659
MIA;exportmail;0
MIA;exportstandard;0.051656584
MIA;importpremium;0.259599658
MIA;importmail;0
MIA;importstandard;0.080805991
MIA;transferpremium;0
MIA;transfermail;0
MIA;transferstandard;0
MIL;exportpremium;0.045224353
MIL;exportmail;0
MIL;exportstandard;0.201974409
MIL;importpremium;0.252057859
MIL;importmail;0
MIL;importstandard;0.03806079
MIL;transferpremium;0.009792332
MIL;transfermail;0.033
MIL;transferstandard;0
MLA;exportpremium;0.094590632
MLA;exportmail;0
MLA;exportstandard;0.087777473
MLA;importpremium;0
MLA;importmail;0
MLA;importstandard;0.062677554
MLA;transferpremium;0.007368421
MLA;transfermail;0
MLA;transferstandard;0.058595271
MMA;exportpremium;0.081095172
MMA;exportmail;0
MMA;exportstandard;0.178686613
MMA;importpremium;0.177764599
MMA;importmail;0
MMA;importstandard;0.045026525
MMA;transferpremium;0.018913043
MMA;transfermail;0
MMA;transferstandard;0.029978737
MNL;exportpremium;0
MNL;exportmail;0.022191765
MNL;exportstandard;0.0408857
MNL;importpremium;0.063831113
MNL;importmail;0
MNL;importstandard;0.070150029
MNL;transferpremium;0.028275823
MNL;transfermail;0.035294118
MNL;transferstandard;0
MOW;exportpremium;0
MOW;exportmail;0.109009783
MOW;exportstandard;0.143447162
MOW;importpremium;0.110389318
MOW;importmail;0
MOW;importstandard;0.053890403
MOW;transferpremium;0.009090909
MOW;transfermail;0
MOW;transferstandard;0.075155316
MRS;exportpremium;0.060461368
MRS;exportmail;0
MRS;exportstandard;0.063349155
MRS;importpremium;0.114878575
MRS;importmail;0
MRS;importstandard;0.070970604
MRS;transferpremium;0.011818182
MRS;transfermail;0
MRS;transferstandard;0.007102564
MSQ;exportpremium;0.193234024
MSQ;exportmail;0
MSQ;exportstandard;0.131681118
MSQ;importpremium;0.172667715
MSQ;importmail;0
MSQ;importstandard;0.045361505
MSQ;transferpremium;0.037213115
MSQ;transfermail;0
MSQ;transferstandard;0
MUC;exportpremium;0.036133883
MUC;exportmail;0.092711818
MUC;exportstandard;0.080534044
MUC;importpremium;0.044661391
MUC;importmail;0
MUC;importstandard;0.047236616
MUC;transferpremium;0.031626643
MUC;transfermail;0.03460452
MUC;transferstandard;0
MVD;exportpremium;0.045113435
MVD;exportmail;0
MVD;exportstandard;0.057270749
MVD;importpremium;0.056425134
MVD;importmail;0
MVD;importstandard;0.040240996
MVD;transferpremium;0.036335924
MVD;transfermail;0
MVD;transferstandard;0.030879559
MXP;exportpremium;0.34739645
MXP;exportmail;0
MXP;exportstandard;0.132763609
MXP;importpremium;0.19383178
MXP;importmail;0
MXP;importstandard;0.341171618
MXP;transferpremium;0
MXP;transfermail;0
MXP;transferstandard;0.034167846
NAP;exportpremium;0.38490889
NAP;exportmail;0
NAP;exportstandard;0.026133399
NAP;importpremium;0.070545616
NAP;importmail;0
NAP;importstandard;0.100104696
NAP;transferpremium;0
NAP;transfermail;0
NAP;transferstandard;0
NBO;exportpremium;0.000793485
NBO;exportmail;0
NBO;exportstandard;0.025636649
NBO;importpremium;0.011073028
NBO;importmail;0
NBO;importstandard;0.035565743
NBO;transferpremium;0
NBO;transfermail;0
NBO;transferstandard;0.050909091
NCE;exportpremium;0.115965255
NCE;exportmail;0
NCE;exportstandard;0.049805336
NCE;importpremium;0.064334279
NCE;importmail;0.08817093
NCE;importstandard;0.063847958
NCE;transferpremium;0.028073477
NCE;transfermail;0
NCE;transferstandard;0
NGO;exportpremium;0.064201686
NGO;exportmail;0.071630706
NGO;exportstandard;0.041235316
NGO;importpremium;0.043039479
NGO;importmail;0.047522058
NGO;importstandard;0
NGO;transferpremium;0
NGO;transfermail;0.011054827
NGO;transferstandard;0
NKG;exportpremium;0.04148293
NKG;exportmail;0.063702893
NKG;exportstandard;0
NKG;importpremium;0.066975628
NKG;importmail;0.052195436
NKG;importstandard;0.074232818
NKG;transferpremium;0.02
NKG;transfermail;0
NKG;transferstandard;0.023958403
NTE;exportpremium;0.072169635
NTE;exportmail;0
NTE;exportstandard;0.088652334
NTE;importpremium;0.050059666
NTE;importmail;0.063711609
NTE;importstandard;0.086902205
NTE;transferpremium;0
NTE;transfermail;0
NTE;transferstandard;0
NUE;exportpremium;0.013767001
NUE;exportmail;0
NUE;exportstandard;0.031995427
NUE;importpremium;0.140633398
NUE;importmail;0.089230769
NUE;importstandard;0.083376757
NUE;transferpremium;0.019840802
NUE;transfermail;0
NUE;transferstandard;0.030885047
OPO;exportpremium;0.038697281
OPO;exportmail;0.022953468
OPO;exportstandard;0.068640708
OPO;importpremium;0.109377136
OPO;importmail;0
OPO;importstandard;0.251570248
OPO;transferpremium;0.046141062
OPO;transfermail;0
OPO;transferstandard;0
OSA;exportpremium;0.090103483
OSA;exportmail;0.06504946
OSA;exportstandard;0.064648062
OSA;importpremium;0
OSA;importmail;0.036965658
OSA;importstandard;0.047964962
OSA;transferpremium;0
OSA;transfermail;0
OSA;transferstandard;0.011066418
OSL;exportpremium;0.20600191
OSL;exportmail;0
OSL;exportstandard;0.065976055
OSL;importpremium;0.051882348
OSL;importmail;0.036072261
OSL;importstandard;0.09358704
OSL;transferpremium;0.027830574
OSL;transfermail;0
OSL;transferstandard;0
PAR;exportpremium;0.063100674
PAR;exportmail;0.073595447
PAR;exportstandard;0.067811871
PAR;importpremium;0.066617997
PAR;importmail;0
PAR;importstandard;0.122116787
PAR;transferpremium;0.003214286
PAR;transfermail;0
PAR;transferstandard;0.0148704
PEK;exportpremium;0.060013303
PEK;exportmail;0.075585492
PEK;exportstandard;0.004654725
PEK;importpremium;0.105329314
PEK;importmail;0
PEK;importstandard;0.031154389
PEK;transferpremium;0.01
PEK;transfermail;0
PEK;transferstandard;0.102
PEN;exportpremium;0.036078123
PEN;exportmail;0
PEN;exportstandard;0.049128193
PEN;importpremium;0
PEN;importmail;0
PEN;importstandard;0.021855109
PEN;transferpremium;0
PEN;transfermail;0.020666667
PEN;transferstandard;0
PHL;exportpremium;0.066112768
PHL;exportmail;0.014393931
PHL;exportstandard;0.07760172
PHL;importpremium;0.098734438
PHL;importmail;0.086723676
PHL;importstandard;0.062435934
PHL;transferpremium;0.001453188
PHL;transfermail;0
PHL;transferstandard;0.024093929
PMI;exportpremium;0.096756757
PMI;exportmail;0
PMI;exportstandard;0.078403943
PMI;importpremium;0.157790027
PMI;importmail;0
PMI;importstandard;0.049715798
PMI;transferpremium;0.035395621
PMI;transfermail;0
PMI;transferstandard;0.055855672
PRG;exportpremium;0.025393401
PRG;exportmail;0
PRG;exportstandard;0.019027565
PRG;importpremium;0.05545598
PRG;importmail;0.060210219
PRG;importstandard;0.077910666
PRG;transferpremium;0.050363636
PRG;transfermail;0
PRG;transferstandard;0.077426374
PUS;exportpremium;0.039108556
PUS;exportmail;0.095737608
PUS;exportstandard;0.062345521
PUS;importpremium;0.063431649
PUS;importmail;0
PUS;importstandard;0.037770798
PUS;transferpremium;0.02
PUS;transfermail;0
PUS;transferstandard;0
RIO;exportpremium;0.040789584
RIO;exportmail;0
RIO;exportstandard;0.090967237
RIO;importpremium;0.06381372
RIO;importmail;0
RIO;importstandard;0.041880871
RIO;transferpremium;0.170688406
RIO;transfermail;0
RIO;transferstandard;0.010363636
RIX;exportpremium;0.046917042
RIX;exportmail;0
RIX;exportstandard;0.057746115
RIX;importpremium;0.076718548
RIX;importmail;0
RIX;importstandard;0.195468728
RIX;transferpremium;0
RIX;transfermail;0
RIX;transferstandard;0.057460191
ROM;exportpremium;0.199326507
ROM;exportmail;0
ROM;exportstandard;0.344142448
ROM;importpremium;0.038259594
ROM;importmail;0.025910246
ROM;importstandard;0.070871736
ROM;transferpremium;0
ROM;transfermail;0
ROM;transferstandard;0
ROV;exportpremium;0
ROV;exportmail;0
ROV;exportstandard;0.013292601
ROV;importpremium;0.118247461
ROV;importmail;0
ROV;importstandard;0.105537877
ROV;transferpremium;0.037391304
ROV;transfermail;0
ROV;transferstandard;0.011971831
RTM;exportpremium;0.070257081
RTM;exportmail;0
RTM;exportstandard;0
RTM;importpremium;0.014766256
RTM;importmail;0
RTM;importstandard;0.027399679
RTM;transferpremium;0.127647059
RTM;transfermail;0
RTM;transferstandard;0.024081996
RUH;exportpremium;0.159849991
RUH;exportmail;0.040407489
RUH;exportstandard;0.003172083
RUH;importpremium;0.130313738
RUH;importmail;0.06539469
RUH;importstandard;0.039769351
RUH;transferpremium;0.106
RUH;transfermail;0
RUH;transferstandard;0.056442497
SCL;exportpremium;0
SCL;exportmail;0.0406588
SCL;exportstandard;0.051673968
SCL;importpremium;0.055366088
SCL;importmail;0
SCL;importstandard;0.066473762
SCL;transferpremium;0.020466069
SCL;transfermail;0
SCL;transferstandard;0.047947299
SEA;exportpremium;0.061928758
SEA;exportmail;0.002712324
SEA;exportstandard;0.044744824
SEA;importpremium;0.047893139
SEA;importmail;0.070169313
SEA;importstandard;-0.126069469
SEA;transferpremium;0.025417377
SEA;transfermail;0
SEA;transferstandard;0.029319746
SEL;exportpremium;0.04301213
SEL;exportmail;0
SEL;exportstandard;0.096553065
SEL;importpremium;0.043052644
SEL;importmail;0.060398573
SEL;importstandard;0
SEL;transferpremium;0.01909174
SEL;transfermail;0
SEL;transferstandard;0
SFO;exportpremium;0.060999549
SFO;exportmail;0
SFO;exportstandard;0.002711725
SFO;importpremium;0.039583541
SFO;importmail;0.04889149
SFO;importstandard;0.069166609
SFO;transferpremium;0.013583403
SFO;transfermail;0
SFO;transferstandard;0.017577896
SGN;exportpremium;0.045021285
SGN;exportmail;0
SGN;exportstandard;0.073346626
SGN;importpremium;0.022662758
SGN;importmail;0
SGN;importstandard;0.065238812
SGN;transferpremium;0
SGN;transfermail;0
SGN;transferstandard;0.026122872
SHA;exportpremium;0.064884208
SHA;exportmail;0
SHA;exportstandard;0.0690294
SHA;importpremium;0.05677631
SHA;importmail;0.072503612
SHA;importstandard;0.004702391
SHA;transferpremium;0.052214974
SHA;transfermail;0
SHA;transferstandard;0
SHE;exportpremium;0.072139755
SHE;exportmail;0.05491405
SHE;exportstandard;0.072275838
SHE;importpremium;0.008093151
SHE;importmail;0
SHE;importstandard;0.021533034
SHE;transferpremium;0.022727273
SHE;transfermail;0
SHE;transferstandard;0.015197688
SHJ;exportpremium;0.02968254
SHJ;exportmail;0
SHJ;exportstandard;0.153296803
SHJ;importpremium;0.012286691
SHJ;importmail;0
SHJ;importstandard;0.137466266
SHJ;transferpremium;0.028177388
SHJ;transfermail;0.015492578
SHJ;transferstandard;0.080728733
SIN;exportpremium;0.066018454
SIN;exportmail;0
SIN;exportstandard;0.038358187
SIN;importpremium;0.056477026
SIN;importmail;0
SIN;importstandard;0.089571372
SIN;transferpremium;0.010556973
SIN;transfermail;0
SIN;transferstandard;0.032608327
SSG;exportpremium;0.039794872
SSG;exportmail;0
SSG;exportstandard;0.086395787
SSG;importpremium;0.050506316
SSG;importmail;0
SSG;importstandard;0.184996527
SSG;transferpremium;0.130188679
SSG;transfermail;0
SSG;transferstandard;0.023618284
STO;exportpremium;0.057650689
STO;exportmail;0
STO;exportstandard;0.073504795
STO;importpremium;0.209249678
STO;importmail;0
STO;importstandard;0.060772782
STO;transferpremium;0
STO;transfermail;0.028648649
STO;transferstandard;0.048037841
STR;exportpremium;0
STR;exportmail;0
STR;exportstandard;0.044680423
STR;importpremium;0.029488406
STR;importmail;0
STR;importstandard;0.083627097
STR;transferpremium;0
STR;transfermail;0
STR;transferstandard;0
SVX;exportpremium;0.198586572
SVX;exportmail;0
SVX;exportstandard;0
SVX;importpremium;0
SVX;importmail;0
SVX;importstandard;0.112067941
SVX;transferpremium;0
SVX;transfermail;0
SVX;transferstandard;0
SXB;exportpremium;0.069795461
SXB;exportmail;0
SXB;exportstandard;0.115855332
SXB;importpremium;0.098477199
SXB;importmail;0
SXB;importstandard;0.117787353
SXB;transferpremium;0.047101449
SXB;transfermail;0
SXB;transferstandard;0.030924258
SZG;exportpremium;0.090838459
SZG;exportmail;0.089448988
SZG;exportstandard;0.001048948
SZG;importpremium;0.004526509
SZG;importmail;0
SZG;importstandard;0.059961297
SZG;transferpremium;0.01
SZG;transfermail;0
SZG;transferstandard;0.046700225
TAS;exportpremium;0
TAS;exportmail;0
TAS;exportstandard;0.168508801
TAS;importpremium;0.063387243
TAS;importmail;0.110315624
TAS;importstandard;0.051705544
TAS;transferpremium;0.016516129
TAS;transfermail;0
TAS;transferstandard;0
TBS;exportpremium;0.016744703
TBS;exportmail;0
TBS;exportstandard;0.1552371
TBS;importpremium;0.106525301
TBS;importmail;0
TBS;importstandard;0.106110714
TBS;transferpremium;0.142894737
TBS;transfermail;0
TBS;transferstandard;0.007180133
THR;exportpremium;0.205623462
THR;exportmail;0.273253617
THR;exportstandard;0.045215104
THR;importpremium;0.002585221
THR;importmail;0.117364946
THR;importstandard;0.062267432
THR;transferpremium;0.018076923
THR;transfermail;0
THR;transferstandard;0
TLL;exportpremium;0.046706211
TLL;exportmail;0.041831579
TLL;exportstandard;0.061908273
TLL;importpremium;0.056669753
TLL;importmail;0
TLL;importstandard;0
TLL;transferpremium;0
TLL;transfermail;0
TLL;transferstandard;0
TLS;exportpremium;0.114415982
TLS;exportmail;0
TLS;exportstandard;0.066174923
TLS;importpremium;0.119389233
TLS;importmail;0
TLS;importstandard;0.050156506
TLS;transferpremium;0.031765902
TLS;transfermail;0.054801156
TLS;transferstandard;0.039427904
TLV;exportpremium;0.002254341
TLV;exportmail;0
TLV;exportstandard;0.025722774
TLV;importpremium;0.06258319
TLV;importmail;0
TLV;importstandard;0.054979893
TLV;transferpremium;0.030295741
TLV;transfermail;0
TLV;transferstandard;0.069885946
TPA;exportpremium;0.070584627
TPA;exportmail;0.059314542
TPA;exportstandard;0.241203281
TPA;importpremium;0.003
TPA;importmail;0.085062234
TPA;importstandard;0.083827666
TPA;transferpremium;0.022252252
TPA;transfermail;0
TPA;transferstandard;0.027091696
TPE;exportpremium;0.005867482
TPE;exportmail;0
TPE;exportstandard;0.054402064
TPE;importpremium;0.042895225
TPE;importmail;0
TPE;importstandard;0.036171821
TPE;transferpremium;0.135306122
TPE;transfermail;0
TPE;transferstandard;0.00324129
TRN;exportpremium;0.06009218
TRN;exportmail;0
TRN;exportstandard;0.031756574
TRN;importpremium;0.238265384
TRN;importmail;0.068679245
TRN;importstandard;0.108502056
TRN;transferpremium;0.12
TRN;transfermail;0
TRN;transferstandard;0.012918108
TSE;exportpremium;0.110147591
TSE;exportmail;0
TSE;exportstandard;0
TSE;importpremium;0.19039335
TSE;importmail;0
TSE;importstandard;0.062849854
TSE;transferpremium;0
TSE;transfermail;0
TSE;transferstandard;0.01688209
TYO;exportpremium;0.080504539
TYO;exportmail;0.042300195
TYO;exportstandard;0.038405077
TYO;importpremium;0.048098957
TYO;importmail;0.045694444
TYO;importstandard;0.063394352
TYO;transferpremium;0
TYO;transfermail;0
TYO;transferstandard;0
UIO;exportpremium;0.082215427
UIO;exportmail;0.074285793
UIO;exportstandard;0.073220958
UIO;importpremium;0.043272659
UIO;importmail;0.270384027
UIO;importstandard;0
UIO;transferpremium;0.039230769
UIO;transfermail;0
UIO;transferstandard;0.00488
VCE;exportpremium;0.119240689
VCE;exportmail;0
VCE;exportstandard;0.05857042
VCE;importpremium;0.06182995
VCE;importmail;0
VCE;importstandard;0.10851757
VCE;transferpremium;0
VCE;transfermail;0
VCE;transferstandard;0
VCP;exportpremium;0.03359798
VCP;exportmail;0
VCP;exportstandard;0.035851238
VCP;importpremium;0.040449875
VCP;importmail;0
VCP;importstandard;0.089633157
VCP;transferpremium;0.030689611
VCP;transfermail;0
VCP;transferstandard;0
VIE;exportpremium;0.124793222
VIE;exportmail;0
VIE;exportstandard;0.001018089
VIE;importpremium;0.0266387
VIE;importmail;0
VIE;importstandard;0.018635832
VIE;transferpremium;0
VIE;transfermail;0
VIE;transferstandard;0.038883046
VLC;exportpremium;0.10642421
VLC;exportmail;0
VLC;exportstandard;0.087767767
VLC;importpremium;0.109499182
VLC;importmail;0
VLC;importstandard;0.000103866
VLC;transferpremium;0.02317801
VLC;transfermail;0.044
VLC;transferstandard;0.013286527
VNO;exportpremium;0.057230196
VNO;exportmail;0
VNO;exportstandard;0.035186
VNO;importpremium;0.091160715
VNO;importmail;0
VNO;importstandard;0.076783619
VNO;transferpremium;0
VNO;transfermail;0
VNO;transferstandard;0
WAS;exportpremium;0.058219184
WAS;exportmail;0.070440332
WAS;exportstandard;0.04083423
WAS;importpremium;0.076971138
WAS;importmail;0
WAS;importstandard;0.061116112
WAS;transferpremium;0.03153128
WAS;transfermail;0.000909091
WAS;transferstandard;0
WAW;exportpremium;0.033126873
WAW;exportmail;0
WAW;exportstandard;0.051467134
WAW;importpremium;0.025043772
WAW;importmail;0
WAW;importstandard;0.038317931
WAW;transferpremium;0
WAW;transfermail;0
WAW;transferstandard;0.050662983
YMX;exportpremium;0.047132491
YMX;exportmail;0.035634871
YMX;exportstandard;0.058426729
YMX;importpremium;0.065233743
YMX;importmail;0
YMX;importstandard;0.063176612
YMX;transferpremium;0.018199245
YMX;transfermail;0
YMX;transferstandard;0.014145605
YVR;exportpremium;0.068925268
YVR;exportmail;0
YVR;exportstandard;0.047758436
YVR;importpremium;0.035421746
YVR;importmail;0
YVR;importstandard;0.063780382
YVR;transferpremium;0.023841171
YVR;transfermail;0.031070603
YVR;transferstandard;0.019812207
YYZ;exportpremium;0
YYZ;exportmail;0.047796847
YYZ;exportstandard;0.035398805
YYZ;importpremium;0.058808828
YYZ;importmail;0
YYZ;importstandard;0.046810836
YYZ;transferpremium;0.030840284
YYZ;transfermail;0
YYZ;transferstandard;0.006294754
ZRH;exportpremium;0.184751388
ZRH;exportmail;0.23669372
ZRH;exportstandard;0.165934363
ZRH;importpremium;0.063452207
ZRH;importmail;0
ZRH;importstandard;0.116192895
ZRH;transferpremium;0
ZRH;transfermail;0
ZRH;transferstandard;0.073928225
